transaction_id,transaction_amount,transaction_hour,account_age_days,num_prior_transactions,is_fraud
1,544.6541332582888,16.228864709488263,2779,9,0
2,3217.874687258869,21.859996809408194,2933,7,0
3,1544.245231942575,20.70483444086617,2963,16,0
4,4564.154126568813,17.142993324129023,2959,14,0
5,1736.5258218264726,8.555412061990008,559,17,0
6,969.2645177271868,8.717288551702989,1462,17,0
7,393.1287304650177,11.132221463456142,868,12,0
8,367.62140034200365,23.0,847,19,0
9,6382.882525034206,17.95910087426796,1367,17,0
10,214.14387388875093,9.980129530960921,2405,13,0
11,2986.6553658839816,16.868011309347597,254,14,0
12,6651.347957318754,3.4019763613930536,258,15,0
13,314.2059341371996,8.453015175280365,1044,13,0
14,2384.19856572923,8.019023360233664,67,18,0
15,2129.9390485265003,9.144519495831624,830,13,0
16,2854.0878792111193,17.114505506174964,287,17,0
17,1260.1585632631927,12.718865547808315,2588,12,0
18,4532.991193305581,11.580978422082968,699,11,0
19,4398.960376543029,6.502546763235507,1171,12,0
20,10.0,9.417188607458641,1168,18,0
21,5956.569054706192,18.961107294060792,911,13,0
22,10.0,16.37482687974561,159,15,0
23,4595.859340496191,9.618772100841216,1079,15,0
24,1446.1150302650283,7.822815138258708,1007,15,0
25,918.4718263911773,13.639574032591325,1859,12,0
26,835.9370985383125,14.002372425578182,1583,21,0
27,3702.6153007761177,13.621838618748033,2179,11,0
28,2329.9754995391013,10.189644395277131,1712,14,0
29,1224.8849081012588,6.868646036217249,2,15,0
30,5271.179273040598,0.2714477643778199,1275,21,0
31,4578.366453470231,10.236211344624891,2056,9,1
32,3162.336530705163,13.263268598968002,237,15,0
33,2585.104742858458,0.7257737499706174,1131,10,0
34,1769.4225138043673,15.761568622221487,2607,14,0
35,4597.450650456599,3.8034001189120854,2317,16,0
36,3279.297577181764,17.26127904162624,1435,10,0
37,3954.8852228993,10.751363647635591,1312,11,0
38,4877.279998488192,18.646329672654176,1073,13,0
39,6432.17875165383,10.36438763680833,1581,17,0
40,10.0,4.873809252947384,1321,15,0
41,3535.957709044169,12.884517743739965,842,16,0
42,2591.4175232382822,7.586182601765486,1662,16,0
43,3933.999859832002,20.52746970992341,893,16,0
44,1531.1395893705967,12.40904520382262,2552,17,0
45,3413.602500119582,18.771925631628616,2910,14,0
46,6291.85548672227,12.2617236121015,2631,14,0
47,2116.117526763688,7.290960937007316,77,14,0
48,4263.563158815886,5.8829130777109935,2723,11,0
49,10.0,4.561864793311961,641,17,1
50,4655.1582712049885,13.725120850041556,1516,22,0
51,4063.8695960536734,16.68773037618297,169,17,0
52,4791.096598795868,15.006668188200816,931,12,0
53,10.0,19.350844728830612,1146,14,0
54,5366.65698395898,17.28656287278918,376,11,0
55,380.1674170754645,11.647277179924892,312,16,0
56,443.3112119126022,14.312861356300466,170,17,0
57,10.0,6.517300261328604,1874,5,1
58,1135.820527039639,7.7357604913343945,1133,23,0
59,2976.9369799665737,2.2548878825501966,2780,16,0
60,4317.661245875497,6.734446902411841,1406,15,0
61,7132.518250906964,15.10175427296959,2380,8,1
62,4746.402178558365,18.04600310908296,2584,13,0
63,2826.949455315988,17.72732798669796,1314,18,0
64,2334.7367165407954,17.73371352563826,254,14,0
65,2969.6031111333964,14.401666561621427,1551,16,0
66,2396.6590652044033,13.870527110397608,2858,19,0
67,4428.652874142781,10.837041139098819,963,13,0
68,5511.334924366551,3.0251667160957343,1874,13,0
69,1186.4940267280347,15.97554154781464,907,11,0
70,2274.251776161635,11.413876780261399,2781,18,0
71,2949.9945270917033,12.011589904061752,857,20,0
72,1122.005389312219,10.322358407792125,1303,17,0
73,1814.1177826099072,10.008904635835364,2074,20,0
74,4150.415172893441,19.839859267600936,1947,13,0
75,2664.570074717688,15.176291013829841,2502,18,0
76,3041.182074011779,4.560595592297184,709,5,1
77,7907.165654989127,6.364157986263239,2205,22,0
78,3946.8773042226903,21.023620811994025,534,10,0
79,2409.18376894351,19.604046745074903,2531,15,0
80,4571.1688013195735,15.66403820988115,343,14,0
81,10.0,8.792174811937404,11,11,0
82,4825.449680206584,13.677671651879665,1240,20,0
83,7480.653078667134,11.070192534985848,949,22,0
84,1684.197715481614,3.968890154069289,17,14,0
85,4366.221239190859,11.633999934578345,318,16,0
86,6136.487038884949,16.024530326031638,1888,19,0
87,4193.190514805017,13.465143575845708,75,21,0
88,5302.147787165919,19.243936537758948,2747,12,0
89,2155.6153678815144,8.232381019753952,1066,14,0
90,2380.2262527122957,0.4349248897115583,2675,13,0
91,10.0,17.8368899172228,660,8,0
92,2202.6662729448794,11.331204393491214,991,16,0
93,1555.8043294443416,20.164688136711035,1679,11,0
94,4384.726962847702,10.43019512797724,813,12,0
95,3963.5636867013263,12.221047064233053,907,9,0
96,5540.393015695612,7.35076946253449,53,13,0
97,3104.911708835949,19.333489574019353,1630,11,0
98,2873.099052687964,10.639830021698947,2306,12,0
99,3495.909441307199,8.898056211114927,2623,15,0
100,5711.335163831848,15.574641394209593,2006,19,0
101,158.73907027924088,14.920515628147575,1465,15,0
102,6394.0051760737915,11.218835560352492,770,8,0
103,10.0,3.426133072274231,2372,13,0
104,2982.4504628388727,9.627437257272845,220,11,0
105,3650.99386103965,23.0,1373,14,0
106,262.30968784701645,12.739967726717952,1990,16,0
107,3182.529574076908,10.729311097159895,1272,18,0
108,1665.566604961781,19.795747417132404,611,12,0
109,3847.2710983757406,11.620919038755812,303,22,0
110,10.0,11.565061745979094,221,14,0
111,7437.554914135035,16.04587748573458,1662,15,0
112,6078.685406328632,17.70138094325896,2004,17,0
113,6056.681611196046,17.08706122759245,1392,16,0
114,565.7907717191615,7.093722943000638,2413,25,0
115,3135.856496078885,11.098765570357559,734,13,0
116,2698.324977168388,21.534910058353486,2210,14,0
117,1178.8184879573873,0.8362315833493525,2476,16,1
118,2470.2225982760915,10.798373877125854,2708,10,0
119,5036.325671544085,19.494569200693977,2951,13,0
120,794.9489124818847,14.421091520363191,2062,12,0
121,3219.864884757574,23.0,1556,13,0
122,6098.47892836487,6.744476826552867,2562,12,0
123,5205.111073172913,21.556819278642706,992,9,0
124,4136.008471923396,16.113207739591786,257,15,0
125,6447.889905632574,16.46343786769414,518,12,0
126,1415.3002672876926,11.837238457071555,1621,13,0
127,4978.260448446792,12.474143630252616,1826,9,0
128,102.7933550116345,11.163061630462137,2243,14,0
129,2560.418788056121,3.637185410710373,985,21,0
130,2173.2112968399315,8.867966291956952,1789,14,0
131,2818.3069706326314,0.0,558,16,0
132,4358.93595191812,9.379286642002432,1874,15,0
133,4719.810745325514,14.169462110068594,411,19,0
134,4866.27203849591,13.244294139250826,2477,12,0
135,6726.0034272316125,12.862453470008685,907,12,0
136,1017.656403474502,15.823960289600656,2848,16,0
137,374.62556756327376,6.661678649464374,1239,15,0
138,3000.487534661196,12.982292737213614,354,11,0
139,1018.4134228832847,2.7552106897426807,2135,15,0
140,6337.543376854162,11.525935799561319,846,18,0
141,5706.511549074144,7.301522024927369,1880,9,0
142,10.0,5.822171389650274,399,12,0
143,1956.9303738394117,4.705716701023034,1317,13,0
144,2344.719036786568,4.435029232749808,2562,20,0
145,2626.572506794937,16.964713566288495,2715,16,0
146,3652.5159187468207,11.567355711058587,117,12,0
147,10062.284652760449,19.48968814620919,630,10,0
148,4687.275782753774,20.671549094423604,82,13,0
149,339.34275364506675,17.945840527305304,1664,12,0
150,1137.1124633568072,9.522209215778979,750,17,0
151,10.0,17.855777497285494,2592,11,0
152,1428.1147999501673,15.602253063984909,561,12,0
153,5118.484791118861,2.428152772996217,2700,24,0
154,2669.3337480320497,11.655085819298131,1286,11,0
155,2203.078017459243,3.1350742783345336,2956,12,0
156,1905.5725389923148,17.282445773564586,1652,15,0
157,5175.523231493726,6.64148098622287,2604,20,0
158,2376.737811408153,8.793839912283142,487,16,0
159,1630.9468365541618,3.136632594111969,257,29,0
160,940.2403784351527,11.173175947746481,2168,21,0
161,3317.8368967379624,18.777214314643018,794,18,0
162,4229.598608463977,11.970773997680869,991,13,0
163,1004.0391752248565,11.511203680533512,1681,20,0
164,2582.2657369777367,16.689629227538305,2761,12,0
165,5648.896333200749,3.1710339626052564,1223,7,1
166,1156.902364527972,8.28668410394856,599,16,0
167,5061.462584829593,18.014884559625987,1593,16,0
168,3464.663146250686,9.430122198186256,971,14,0
169,10.0,13.131706839193441,1821,9,0
170,1811.9199756731623,3.098940707330655,2652,11,1
171,6360.234804968625,14.219918154138018,69,13,0
172,2868.769137729891,13.664573827928935,898,14,0
173,2697.799704975243,9.911009918764226,2451,19,0
174,6208.606643719957,4.703640687438249,1144,18,0
175,725.2212354071748,14.540213450628524,2780,17,0
176,1019.550084399538,7.959816473114499,1742,20,0
177,6550.721335076139,1.6252614674335142,1034,12,0
178,3557.456461353859,3.9332720771450536,410,8,0
179,5155.650715213625,17.650147787634403,2562,10,0
180,4664.99601643444,11.000471350396445,140,23,0
181,2690.725136909502,6.987600958965929,1407,9,0
182,3786.4503516063596,15.681562222921448,1185,24,0
183,3968.494611772925,4.3765062278709514,2241,13,0
184,10.0,8.586108506816334,1596,13,0
185,851.4703179812286,17.419961138015797,2722,22,0
186,2046.5762008359545,17.298983985049496,816,13,0
187,6662.639689261996,12.671569768140921,2286,11,0
188,4255.582804698413,12.459819387078356,1517,10,0
189,10.0,20.726480787579106,967,13,0
190,1454.5773493044117,13.928035830430083,1053,19,0
191,6395.482153525241,10.198859653745913,747,10,0
192,3722.5043671305775,12.612344842029634,804,10,0
193,2389.6336048516487,5.334169629494578,982,14,0
194,2403.4363783559324,5.1817621625393455,1798,21,0
195,3311.7891911525626,10.50927166456416,609,13,0
196,206.44723881777054,9.482385577715206,645,18,1
197,10.0,19.534175147055848,2886,7,0
198,834.1487138281914,10.929743768875882,1023,14,0
199,10.0,1.5338696300645935,2835,10,0
200,5145.418377529889,3.307277737828043,1934,18,0
201,3334.965037593825,2.9751063307245342,7,11,1
202,1540.5440616784363,6.59864617084454,921,19,0
203,4106.409677607181,10.890222910074604,1526,11,0
204,3055.2337404843006,15.135414982701938,2507,18,0
205,6754.07194296753,21.018314402001185,1605,18,0
206,4408.509205955367,14.489677117883506,232,12,0
207,3166.5078191610132,11.014315191382863,842,18,0
208,3355.6133602361797,12.585313779410273,1760,14,0
209,1798.139593277317,10.020310802248312,1286,16,0
210,4597.554206260611,22.933254037498017,352,25,0
211,10.0,19.24005851968353,1531,14,0
212,10.0,9.891854546754871,980,17,0
213,6319.816881451632,23.0,2629,18,0
214,5058.505426349224,13.90548198246041,1556,14,0
215,2877.1072196845384,11.334040589394338,2096,27,0
216,3124.9299630888127,9.618478454932532,548,20,0
217,740.092304038255,16.918914375902396,1160,24,0
218,549.1299281239485,4.7219145509124285,920,20,0
219,6651.601626867662,9.075574359429062,2479,18,0
220,10.0,3.9484926949902714,2908,14,0
221,10.0,7.839563407771389,1106,12,0
222,4660.329397710898,17.836138626437158,2875,15,0
223,4264.248099619046,1.8150655532098448,107,15,0
224,3470.494371906046,0.0,593,16,0
225,5758.88361955926,13.945856808981983,2657,18,0
226,3679.9397367819447,10.479919402786534,625,16,0
227,2100.336116381402,12.743179669547162,701,22,0
228,2200.9782266352418,23.0,2771,10,1
229,2519.5564564407423,13.514941815614202,370,20,0
230,1633.4809252915804,14.462121887037291,664,20,0
231,2887.868196230053,0.2547552996881244,1727,16,0
232,10.0,15.399113712291456,885,20,0
233,2819.733171580822,3.322169451585438,1361,19,0
234,443.82950716288406,9.550511385455966,977,13,0
235,670.8326968697461,8.5679904985239,449,19,0
236,3867.7283268682877,5.264579705837269,795,18,0
237,1125.7753666102042,17.463567762890644,664,8,0
238,5286.2196205128985,20.028870897488222,1976,14,0
239,10.0,14.099183762083925,677,17,0
240,6457.086630918068,12.373029634746809,1525,21,0
241,2218.4731916385717,9.629366553277693,348,15,0
242,5825.652619333303,9.161673439138285,1585,19,0
243,6424.093675816246,11.600885562158126,313,21,0
244,2167.60477874258,14.175747118747323,584,9,0
245,1959.563970027471,3.6357962610805536,85,11,0
246,2876.2339490696495,3.634245942245151,219,12,0
247,4972.607522420374,0.0,1748,14,0
248,5024.167461347704,10.118702033289606,1703,17,0
249,1975.19958096001,1.965289144126805,604,20,0
250,7796.1084094757525,7.1560618559323785,143,15,0
251,2971.6579351592527,21.44959382588098,2659,16,0
252,5423.173175799755,15.321972615136898,1514,25,0
253,3370.7839982427026,8.25779575842733,1609,20,0
254,600.7295308669732,11.874510489291534,1323,10,0
255,10.0,7.834132768468817,2822,12,1
256,1901.578139036027,19.88229638854184,1331,12,0
257,1683.562990703247,17.34886445785208,11,16,0
258,2540.7931937600274,15.724211538434638,1239,8,0
259,4181.499221269323,15.80790839082803,546,10,0
260,4927.272283381298,12.13750356652891,1733,11,0
261,1751.9533918183704,4.429441893462979,84,14,0
262,2524.777181360737,16.371408300945642,2151,13,0
263,2275.3715264541916,19.010446919149892,1475,17,0
264,1666.3753443153012,14.857686920063298,231,13,0
265,3082.725516041786,9.083685598324369,2864,13,0
266,5293.274384420714,2.9124896270280445,2012,10,0
267,10.0,11.87203088206188,211,13,0
268,2611.055635382743,6.440904003377261,534,14,0
269,2980.3809303847615,16.99439284349702,2868,14,0
270,3408.334275104562,12.143291687265947,2082,18,0
271,319.0218875436399,9.180557172663688,1751,16,0
272,10.0,4.080753961911358,1546,18,0
273,5326.471041696912,8.690747999714787,1187,14,0
274,5601.799262447175,23.0,2473,20,0
275,2606.5943295597494,18.43054827241806,1460,19,0
276,2547.934732450792,8.89500571610328,2926,10,0
277,5806.850209794362,23.0,2931,15,0
278,2733.7789203621305,9.441107178630762,2504,13,0
279,111.53767665703117,14.479641361382008,398,13,0
280,2499.9084140619275,12.487494239413762,1849,17,0
281,5048.484089458083,15.150256761764293,1945,22,0
282,7010.194678860121,19.879384158579406,677,18,0
283,3070.3078573267367,11.911986639841182,2601,16,0
284,2782.445695135948,0.0,1137,14,0
285,4359.509325098585,7.7955543108457634,789,20,0
286,5427.973415980077,13.724172045283266,2086,12,0
287,1754.9134186119875,19.626355234844844,2262,12,0
288,1090.6121887990564,13.306835531449059,1691,23,0
289,2013.8503474369543,0.3536467349119352,2492,12,0
290,1563.3616997946988,7.742991572316387,829,19,0
291,6386.107253799231,8.16765934392939,411,14,0
292,7929.89508649445,18.624809192136127,375,13,0
293,3862.332037343474,9.624031784289357,2901,7,1
294,2143.360007191158,21.154521857205683,2869,15,0
295,10.0,11.469203006099015,1620,15,0
296,4234.809502288786,15.574092057922167,1856,12,0
297,6899.381209677631,13.766874457818963,2179,10,1
298,2705.367248792637,16.490060294497297,811,17,0
299,3373.5011996005337,5.3194027743408565,476,19,0
300,3932.485191337917,4.7420927488257405,1074,12,0
301,1983.4987171725343,1.543270943679346,380,19,0
302,5250.066997540322,1.7038426373691404,1421,8,1
303,7255.95807775682,14.224320838447396,2393,18,0
304,4306.37203408568,12.905602523846518,1363,22,0
305,6828.258071627389,7.7946065179060255,1167,10,0
306,2056.917065974887,10.516695155828732,756,10,0
307,10.0,12.221561863935175,265,15,0
308,1292.6826134217272,15.187440285939779,1255,19,0
309,2924.526270586571,12.675767371742138,1274,16,0
310,7101.266834756608,6.180735432697305,1619,11,0
311,5450.863966103626,0.0,2023,10,0
312,10.0,17.871563700880913,1501,10,0
313,3741.49010135445,8.221707151516211,2519,12,0
314,1242.944463297899,14.549666179332085,1429,14,0
315,2473.085263576205,0.0,2212,19,0
316,2096.25368804488,19.365178874165103,1503,14,0
317,1015.5665754968659,6.672152985552238,2275,11,0
318,5727.42605922908,15.791706096743651,1795,5,1
319,529.7868195130864,15.74567608326805,156,23,0
320,2723.554095836952,8.70260911764306,1923,15,0
321,1642.3858245650213,15.219121955650202,1123,13,0
322,6053.160659232559,10.142222181722712,987,17,0
323,2780.0346513978775,10.63847723285842,1946,20,0
324,4485.5965683508075,12.302863299178977,927,23,0
325,6222.464579269234,9.052255190185692,88,10,1
326,270.5525070058543,5.641392102295153,2088,23,0
327,1972.3067442897257,0.0,2092,16,0
328,5749.239417919562,17.197796626743582,2192,16,0
329,5519.693573769438,6.157169932765879,2366,12,0
330,1481.8579506635972,9.720237946622511,1246,13,0
331,6044.021295266191,8.307647873099762,1735,11,0
332,3545.4060706325035,9.347902800041155,2415,10,1
333,7570.25332595488,16.927957073235675,2743,17,0
334,3804.9028869336926,4.0426445979152685,2528,15,0
335,422.5803400023756,9.115972714134026,2653,21,0
336,5009.14246063447,7.138780328751854,926,15,0
337,694.7280259831473,13.535567704541727,2164,13,0
338,3848.8108602621232,6.962997865953208,249,19,0
339,3589.5611099928774,16.962688937116976,1489,17,0
340,4270.874418203804,22.92298889129797,382,10,0
341,1262.1523522144503,20.465145902171358,839,11,0
342,2123.9372868376972,19.306215240038735,2799,11,0
343,2409.8750374502524,9.787948310284877,1393,22,0
344,3064.0998859869346,13.877632448597105,2360,12,0
345,7362.746602279022,0.2971011155830894,361,13,0
346,3063.821458285935,20.534847121029525,1172,10,0
347,10.0,10.282784087610253,1512,16,0
348,5141.01006463254,19.6779931755311,2564,20,0
349,2349.8190550864374,17.171993038959805,415,15,0
350,6482.621454818871,17.847937356403495,2689,17,0
351,3312.443710135767,13.800756670111754,2538,22,0
352,3747.4525352435903,6.182415295109585,2531,23,0
353,1104.7591672057015,13.48346099859551,1525,17,0
354,2728.3244719454915,6.618293174244918,2606,15,0
355,595.4273101182162,14.08973701101786,2878,16,0
356,1927.8638624445161,13.324355949136514,1820,9,0
357,589.8128153343741,17.635034024852416,1232,15,0
358,3311.0975607591417,19.28478068737601,776,12,0
359,737.6110295149192,19.109017893164,471,18,0
360,2178.607737774943,18.522533124355455,767,11,0
361,1433.0020252037855,12.447404107510339,2139,19,0
362,3966.7201115053035,10.221791461744942,1842,12,0
363,4699.131534894545,17.658810547377122,540,14,0
364,5513.35920575349,13.739338058259424,359,11,1
365,10.0,12.53730727178512,2548,13,0
366,6290.1878647786825,16.38030228655016,1952,18,0
367,6864.009750734893,0.0,1795,23,0
368,3929.739379042113,11.573922363439342,338,15,0
369,544.3626836590138,0.0,1417,9,1
370,7271.033171104896,15.823258248028704,1688,20,0
371,2296.977430140084,12.622686416987193,2007,13,0
372,5353.902606004211,16.51857792882763,1020,18,0
373,3664.012578766445,7.894652441753379,997,9,0
374,7116.541407153647,11.928750629973916,528,7,1
375,1179.8381227566385,16.35075527962824,1639,10,0
376,2670.0710323107487,4.859364933130038,2608,15,0
377,727.8296318772764,18.80319294332566,63,20,0
378,3753.8027736655863,2.5074036812374274,1787,14,0
379,5112.939772364458,15.274030798761723,1216,11,0
380,4304.506267867259,13.501860137227197,538,14,0
381,1770.7930921947225,6.090187437554443,2027,15,0
382,834.2266993705248,6.373781398756536,19,20,0
383,6535.974532796912,11.909575089679421,675,16,0
384,1418.8380272097465,3.1848839330400747,1995,14,0
385,5208.519678221794,20.150243096076792,1720,6,0
386,2432.2592850016977,0.0,1568,21,0
387,4827.893793966008,14.09813080727174,2966,18,0
388,10.0,3.232302630115969,1530,7,0
389,2426.7832264256003,22.63181442390593,50,8,0
390,1716.711886509559,12.854228151007472,2332,14,0
391,2879.652167335042,18.319939898278186,508,14,0
392,3669.999212678786,17.273646538740238,1506,8,0
393,3449.7184435838035,23.0,733,18,0
394,2886.9977217837213,16.20725719947999,1984,11,0
395,1299.3648087056145,6.325772489404629,238,17,0
396,10.0,0.6124407136566887,370,12,0
397,5250.6736730914545,7.957420944212651,2874,9,0
398,3348.7677417021973,17.80041222047697,283,17,0
399,5207.614939266298,6.860401852930263,1443,8,0
400,3442.3444175570457,0.0,2245,22,0
401,5610.016816755209,23.0,928,18,0
402,1784.0042607506239,19.37043344943377,2861,14,0
403,1900.2142368654513,12.529643505301644,2782,16,0
404,7157.966443656682,15.0895343859639,659,16,0
405,5320.8207203534,4.180987427494067,1439,20,0
406,6231.487965822433,23.0,2104,9,0
407,1726.994950877041,0.20058786128961792,316,14,0
408,2902.878617258711,23.0,2540,11,0
409,336.15476330029423,11.078796471907676,2317,18,0
410,3853.7331800453258,0.0,1224,21,0
411,137.55873588485156,10.728742654737962,2956,17,0
412,4531.982986750055,17.14989383296893,1939,16,0
413,6776.491580003358,16.397483147082163,2040,15,1
414,5487.014764908703,16.35497567658272,2889,21,0
415,2310.1337724455543,6.1947152415840305,1908,19,0
416,3267.4203204706505,14.632427829358198,2534,11,0
417,3414.2771840405753,6.409692268647012,1730,16,0
418,2698.5299231711365,1.794497398631968,2683,21,0
419,2058.830095359807,21.17743223476161,1467,12,0
420,1847.7896876729767,21.661067441153463,595,17,0
421,4371.259964053144,6.760032642999623,2367,10,0
422,2110.613399996076,0.0,2454,13,1
423,1829.2548213220168,13.585438649957425,2741,18,0
424,718.4885573237252,13.72469020864663,1594,18,0
425,5055.2158770417045,11.10072531862338,2751,23,0
426,1892.5081707608556,12.829120692358465,21,14,0
427,10.0,19.767525389895084,834,14,0
428,720.7859747051175,16.7816655957319,457,15,0
429,3335.9686498468536,14.884410437552829,2999,19,0
430,2329.22967137918,11.37264107590846,1614,21,0
431,2742.935652674438,15.314526402747127,710,13,0
432,289.24072001259856,21.417788466030878,2172,16,0
433,1759.7073591670867,8.673278855194678,2614,11,0
434,5666.172453067107,17.412196212794182,437,12,0
435,4178.958915482612,8.099377819186515,1047,14,0
436,6298.983070919058,10.404292071571339,1056,23,0
437,5868.382974777192,15.310304195408381,2397,12,0
438,5600.132953602315,2.6782776475900327,243,14,0
439,3626.8012859712985,8.232868693471996,2705,14,0
440,3059.3137757810973,5.324522337697406,1942,14,0
441,5066.481761723035,20.944291402596797,557,10,0
442,5387.793606058252,22.00432902284903,604,8,0
443,2153.966526624855,9.271112635455406,2782,16,0
444,1583.5278439243625,9.049436248893048,543,14,0
445,4673.3701347227725,11.082865038376967,1916,14,0
446,5633.338176859499,7.821577393914653,374,15,0
447,2739.4508149792027,7.44861800233768,1293,20,0
448,4781.316519904533,4.173307387058049,494,20,0
449,1593.1160724886643,5.462784606408752,2515,6,0
450,723.1109784636601,17.01097466743724,904,15,0
451,728.3021280837975,11.680776971986814,883,21,0
452,5954.284826947729,13.929507764569529,2689,11,0
453,888.006426524239,14.119787690221237,2617,17,0
454,4221.942987256931,19.263053742013465,835,10,0
455,5164.192595308097,11.47122533640829,2977,17,0
456,3453.06211141751,14.065307260823314,55,15,0
457,6553.28017949451,20.959056672217862,219,15,0
458,4556.508056074154,10.613120734299265,2108,20,0
459,3025.303882511786,13.297318034105237,356,15,0
460,3529.5280540465974,5.991322234956906,171,17,0
461,3367.664173533917,6.493992415024433,1036,10,0
462,1162.9758169218776,20.635493522744984,2981,9,0
463,3792.4544805985665,6.786147336977337,150,10,0
464,369.0166779091214,5.9409911581493,823,9,0
465,3520.0832484605576,17.304749270354748,1134,9,0
466,3886.519735327657,17.84495179869952,2991,16,0
467,4580.265350189733,10.304792347444092,1584,15,0
468,3227.6077779437624,13.220605106573114,82,12,0
469,8524.460655192419,14.927613289307644,2056,25,0
470,10.0,23.0,1437,9,0
471,1974.9001425367019,8.080757160533889,12,17,0
472,110.37482335560526,7.933205045410826,479,13,0
473,272.1807107502127,18.35079082463998,283,16,0
474,1066.1829076841634,20.718704274751673,1871,12,0
475,569.3275881112313,6.764258499897505,2450,10,0
476,3114.7522894107774,17.90615648464405,2817,8,0
477,763.5659633187411,14.97361007566991,837,10,0
478,4300.643739625786,13.72308735205816,1642,15,0
479,2502.46856855535,23.0,2813,11,0
480,6425.244388209398,0.0,1134,19,0
481,4067.624108850736,6.54094379116774,527,13,0
482,1685.9381649001848,8.587166128981577,2326,12,0
483,3358.5968259058577,23.0,2837,14,0
484,4008.562433972943,15.352547991801682,2517,21,0
485,3270.7448971840977,12.556534509839903,1170,14,0
486,2438.3487070274214,15.204491742549186,389,13,0
487,2561.5870770140455,7.531506456653688,543,19,0
488,630.8370753449076,15.5871170254836,387,23,0
489,10.0,4.995216005397314,1054,18,0
490,1567.7837250106836,16.22624396986693,2611,18,0
491,1802.4589124034444,12.756909955742385,507,13,0
492,1935.2998808369273,11.533909935268207,942,19,0
493,776.6616406770308,6.143832111121266,680,15,0
494,3359.8007544373195,3.5078430462324715,1245,9,0
495,4340.424357948794,12.314526886887425,1450,18,0
496,3330.4771313574915,8.842073469886422,110,18,0
497,2357.603730363691,11.760079905689846,2348,20,0
498,2157.1482743534857,19.121908660763943,2785,12,0
499,1152.746895598549,7.904199222052681,864,10,0
500,6868.1413096939805,19.970785651625235,520,11,0
501,179.14799770025547,11.044612765649907,2188,15,0
502,6525.786193729314,13.300781276158919,252,14,0
503,4495.900761221901,12.223509802980914,2911,11,0
504,5555.958886023502,13.10956763623464,1679,15,0
505,6573.929200607448,7.774263564971912,2198,18,0
506,5721.906281258817,12.203546518729683,2678,13,0
507,2793.1802272062123,5.0088402359177655,744,14,0
508,4662.7567782358965,5.3274590842972,527,16,0
509,4059.0146192434268,0.0,2634,15,0
510,4590.03936974996,4.281487344286928,1377,13,0
511,2591.1435213985487,13.566712924223435,99,11,0
512,345.2665397194078,10.13201525484821,1911,11,0
513,448.17907803187427,9.799379029364161,821,12,0
514,3443.671591459749,10.225748063244765,1181,11,0
515,10.0,15.016705846193936,333,22,0
516,4035.9976711085774,20.384762233312095,2628,18,0
517,5177.443122204833,16.91670620749804,1181,15,0
518,3742.680297075065,10.96860522255079,2085,13,0
519,3459.309402699886,8.84121128754913,2091,19,0
520,4943.74450961115,11.241235974834018,2864,16,0
521,7263.2554535345425,11.991879117804167,2898,15,0
522,908.9212167332962,10.29998438135322,210,15,0
523,10.0,13.583182031502513,862,7,0
524,4421.340971091966,13.42705501788808,2438,14,0
525,1418.3743928285169,0.0,1482,16,0
526,1566.5674944288953,12.315761647248259,2533,12,0
527,3609.5445130266908,13.841795460879155,2235,12,1
528,198.93794182774172,8.281104182055362,357,14,0
529,3012.4552271439225,19.546190816330764,2744,20,0
530,5684.059116536697,8.17247845507778,899,11,0
531,1990.930918314939,13.015176657955692,23,11,0
532,3055.0141746383197,17.409138538939995,931,15,1
533,3653.280890343404,3.475943402267408,1692,23,0
534,3102.5383325961507,6.819616756584889,1337,19,0
535,1703.9013386396402,22.11332248355857,2097,16,0
536,1903.905513745114,6.411605051295315,1807,23,0
537,620.3247271709379,1.197886107563079,179,16,0
538,10.0,11.211537380185277,2098,10,0
539,4490.468204446412,3.507522637422289,2407,12,0
540,3546.1550639455904,14.37355915495398,1706,14,0
541,3296.6993292380794,0.0,2377,12,0
542,2629.7813442741835,11.597671719432316,1376,15,0
543,4866.086561926215,12.703573788118975,387,22,0
544,2337.8773217012686,9.256794396209324,2087,15,0
545,4415.51855722809,7.055866427353317,503,12,0
546,10.0,15.851192497527567,1119,13,0
547,1956.0617899488439,18.063105131620297,1628,13,0
548,773.6899774442322,14.50784063917769,2295,13,0
549,609.9093086808984,19.364618473412268,457,8,0
550,3947.691864897564,11.333075968088135,1820,21,0
551,4570.491505615442,9.065344756401306,2904,18,0
552,10.0,0.0,1017,15,0
553,551.517256676691,13.90920717893474,125,12,0
554,3837.1208261685306,4.819594401226244,2704,8,0
555,2380.322544718394,19.30534342406887,1257,14,0
556,4150.564861415959,11.427985377105191,104,14,0
557,10.0,20.583916482217116,628,13,0
558,3105.2943554156154,9.14392303988764,53,14,0
559,4857.994151698225,15.884500163687907,2342,14,0
560,10.0,19.014477250467827,526,15,0
561,10.0,11.232208920750114,717,9,0
562,4040.1172946460792,15.368752889972074,2788,12,0
563,2007.960034961402,11.500380069700814,2696,6,0
564,3816.6629155885958,10.096112320403028,2154,11,0
565,5565.503629053523,12.203981925627964,2764,22,0
566,3839.5780088892325,10.008883208529596,1124,15,0
567,3176.0269642642997,9.88263719516403,1289,15,0
568,757.5087415530184,21.62902928223706,1746,20,0
569,2665.390089648774,7.3254957142212715,2879,15,0
570,1118.641756070126,18.7754377491283,1824,25,0
571,6715.214382807516,3.555524667646969,2579,10,0
572,4537.818900552727,2.6608462559452875,1469,13,0
573,3240.9659886291647,0.6428676198277792,1964,11,0
574,4795.091711495955,21.0146706286411,1634,13,0
575,6430.588070779523,5.621817128348978,1560,13,0
576,5135.894642808357,18.16723657573572,547,18,0
577,3464.1349820776077,20.627493047591674,839,20,0
578,1807.7207522438352,9.510140291223816,1877,17,0
579,3879.786473143134,7.469193438719811,799,17,0
580,4165.705069422113,7.973815255231615,2714,16,0
581,1574.515587512472,20.317991424879963,684,15,0
582,6304.268702699203,15.50750713201758,1616,14,0
583,4100.929424047004,8.353730475205062,875,15,0
584,6673.33966578375,16.554626873959613,191,10,0
585,8401.401835060018,3.563147964357052,112,22,0
586,6511.655922311118,7.774026798768094,443,17,0
587,4211.462619451349,3.379915885853709,2217,12,0
588,6099.57552172061,13.06572969187428,1814,21,0
589,652.499251300545,11.675425138335747,783,14,0
590,3793.219712135505,17.21774139760713,1595,17,0
591,6441.9610939857575,1.3910683815534703,1723,17,0
592,4546.24036810364,9.75040100894643,306,10,0
593,6193.589537399877,6.621627920920227,855,20,0
594,3527.396101470708,5.192253128655334,730,13,0
595,2866.0871338248526,10.159035948300575,2584,21,0
596,1095.9880639863109,9.501712972641412,606,18,0
597,3021.5446811994652,15.429092981065704,2947,18,0
598,4235.383958498191,8.640448177020529,1378,25,0
599,8317.633911643368,18.879788819799927,1928,18,0
600,7494.547098577747,7.403782924003394,2092,14,0
601,4028.405924071463,19.42102791940016,1439,21,0
602,4416.567240276172,12.324444913349136,1486,17,0
603,4363.638627557477,10.28842700359652,1455,19,0
604,7653.2660715977445,8.321242464955478,1142,19,0
605,1824.8933264263846,10.282280097110398,1322,17,0
606,4634.600633121454,12.211702165673142,2665,19,0
607,4072.6763853389725,8.470235476820626,1186,8,1
608,1734.8233950822262,2.262230901078281,440,17,0
609,3051.22225640142,14.963621988093832,1297,18,0
610,3551.029522558284,13.828092148662844,1752,10,0
611,8282.954541105028,17.70392412551506,953,19,0
612,4510.583563374966,13.96253146428347,1027,13,0
613,1874.6356075810356,13.92618129389516,517,12,0
614,181.78824460073702,20.79981351795463,2346,16,0
615,2732.3557121417284,6.180903982485691,1992,18,0
616,5996.276250255322,8.863795095079919,142,18,0
617,1293.626302390773,5.078324075797401,2966,13,0
618,1713.3199782487845,11.630192944457109,1105,11,0
619,10.0,15.135520629586841,777,17,0
620,6628.030504345947,2.671347847754527,282,23,0
621,3592.493829314242,10.091953773470374,2850,12,0
622,2797.819100301864,14.694965384837708,1937,18,0
623,1488.2873858273665,17.73313138915214,2872,14,0
624,671.4852165794618,16.050195946854505,1401,13,0
625,1920.0816413121577,9.671538468491768,2845,13,0
626,10.0,19.220037957521104,554,17,0
627,694.8243350988155,20.28547702895638,830,21,0
628,10.0,16.7815288827272,1709,15,0
629,6520.2119278085775,6.549521803128544,2304,23,0
630,4928.301414593223,5.0073939217244545,322,18,0
631,4008.3532115887374,7.235885810600715,2460,15,0
632,10.0,17.95243095020736,2201,13,0
633,56.4850661457026,7.955916703643911,1271,16,0
634,7230.288016935466,2.259519677294774,989,15,0
635,6348.186315035655,5.607569778624356,1758,12,0
636,6114.6497508032835,9.243409422866272,1754,10,1
637,8602.951283122451,6.440630146190573,525,19,0
638,4105.54570246876,15.072199299552162,640,14,0
639,5075.55029303254,2.381841795258273,604,16,0
640,10.0,10.225764812431128,440,13,0
641,2683.0175181518525,5.611707856452298,2316,22,0
642,10.0,23.0,1466,10,0
643,6348.216192942897,23.0,566,16,0
644,83.62845179439364,13.462501570927348,245,17,0
645,4555.8737516637275,15.073329283342357,126,15,0
646,4853.852058426437,7.293640363180567,2846,20,0
647,3202.918761835119,14.114840773121855,1043,16,0
648,4002.158031472466,14.17669045494447,1663,17,0
649,3820.0624889030773,9.772404187294,2696,17,0
650,10.0,10.886255697895134,94,10,0
651,1168.3337946810714,13.787189564831868,506,12,0
652,10.0,18.57424115300922,619,16,0
653,6009.582628528344,13.941184689100913,2574,10,0
654,10.0,3.2108812414043246,1022,14,0
655,5198.259655706161,5.87243673559067,2386,14,0
656,363.95183787684573,10.043141521992958,2349,14,0
657,3450.6218546696164,12.214735646234843,2355,6,1
658,3518.2172203902314,15.196416288206837,2191,20,0
659,4764.382592227298,8.853694781668253,957,15,0
660,5941.095238720895,11.027906199512074,1427,13,0
661,5161.592477562137,7.138011908550584,2320,18,0
662,880.3015454892184,8.828928231900882,1722,12,1
663,3541.134909780405,14.154516506485656,2709,13,0
664,2039.365437813969,19.226874044670353,2190,15,0
665,2521.410690262279,0.0,1084,17,0
666,2559.155359820758,18.95545574274102,2665,18,0
667,5737.252587656103,3.9789796209870723,27,11,0
668,4704.935268336196,15.826757369156702,1011,13,0
669,2862.901954094653,13.180175699071894,850,20,0
670,785.9763039139266,18.738166765989625,2977,15,0
671,2922.9947161134037,13.352026145689972,1305,23,0
672,10.0,10.295796292070987,1307,17,0
673,5847.091063802952,23.0,1527,16,0
674,5083.8118793983485,16.704317800259457,1448,11,0
675,6486.076635715119,2.024790714558037,1482,17,0
676,1100.7791887869614,10.581533099099811,266,17,0
677,7177.50063899634,16.41041047909158,1693,18,0
678,1119.2210781404156,8.061352553627875,1290,17,0
679,2184.9487973973055,3.544765967413907,2660,12,0
680,10.0,8.680255998361458,1505,14,1
681,10.0,2.5294205080172585,2675,14,0
682,4893.512117581943,7.781040999122507,1162,17,0
683,4240.618310165968,10.104156223808227,652,7,0
684,2366.1275638424245,11.37117938979549,1357,11,0
685,2614.8154433701347,8.6973852775308,2182,21,0
686,3794.2169176932907,10.451773864338575,920,13,0
687,7736.07739552185,12.167847163601527,198,22,0
688,3212.959432901486,16.568895190522507,341,14,0
689,3662.923116160682,16.729903883052316,1892,10,0
690,4276.084658065379,14.59352357942729,2851,16,0
691,2730.104749053213,13.11636847706164,2253,18,0
692,2552.572954790612,8.887485286620224,27,21,0
693,4544.860240181323,7.497436585151424,678,13,0
694,5243.551133391014,9.237932369222364,588,20,0
695,214.2735847861445,12.474420938578131,2149,20,0
696,3825.580544935099,1.3884261417545503,1877,17,0
697,2303.423979111516,16.048620235234626,2705,20,0
698,1952.3899621135768,5.312169295195631,605,25,0
699,4460.48113463593,19.593812990267004,1153,13,0
700,956.6717161322645,3.4966643988132216,2920,16,0
701,5427.4389330560225,20.77940991684735,825,21,0
702,2500.462350589197,8.229282141958041,170,11,0
703,1237.0366013093007,14.945053979323074,1174,18,0
704,5034.525173516594,12.5942285011099,2133,16,0
705,10.0,10.686556467103872,443,10,0
706,45.44481236652564,9.637637179268816,1659,12,0
707,1858.654799810293,13.406717576526427,2806,15,0
708,2951.666968635186,0.0,2506,14,0
709,6246.607086759864,7.068873829765408,2685,9,0
710,4837.617894449762,13.346877573254437,372,11,0
711,644.8729232789483,3.1205270666270426,452,20,0
712,2940.670365597825,13.90297144058702,2863,4,0
713,6318.704278241529,17.272132994427185,2274,19,0
714,10.0,11.434345155198061,2343,8,0
715,10.0,19.098112136483987,1170,8,1
716,6627.6368457018025,7.011936143247141,291,14,0
717,1448.5620093157563,11.028314480707651,1728,13,0
718,9142.449728652922,0.0,2274,18,0
719,5899.692162184554,12.153122858851072,1293,16,0
720,10.0,8.94696360230364,1484,22,0
721,1800.5090760914652,17.785209527030883,1559,14,0
722,117.70964345916218,4.743231077783097,2614,10,0
723,2851.522070972817,4.253867437322152,1932,14,0
724,2563.45635692356,6.19279396720057,743,13,0
725,1941.5022016708115,17.315207744152517,222,16,0
726,2174.529211028947,9.921924931427181,230,16,0
727,3499.5604878980457,7.630812635795645,1465,18,0
728,4984.106605403841,11.934064516658712,908,16,0
729,1833.5618024512617,13.186624287369234,550,13,0
730,4219.696870505131,12.648725627627869,1056,15,0
731,868.0559301692424,11.384069744504902,1632,12,0
732,10.0,13.026963766648167,2050,16,0
733,969.306589754942,3.1784947556407843,2641,17,0
734,18.407306093213265,11.25586164319245,1078,14,0
735,7175.78492055203,17.9189589556186,2087,11,0
736,5752.797023169554,13.262478170586844,292,15,0
737,321.42235227470246,18.599989683222702,2011,15,0
738,2470.5027272941197,17.632416928471688,1514,11,0
739,571.6380401968122,20.971825558158127,2281,14,0
740,4685.372308530016,0.0,2983,9,0
741,3979.5316033107083,16.34495647459181,2148,16,0
742,7876.125190517136,1.1670337581032904,178,16,0
743,364.4240781261369,13.679716009414998,2832,13,0
744,4821.084021049586,16.017912034162936,755,14,0
745,1196.9140456943207,14.057686506011878,1778,14,0
746,5059.260662396347,7.6062660850710655,972,14,0
747,4202.087333425348,0.0,389,12,0
748,10.0,23.0,2852,17,0
749,4471.55659125957,17.971268070163347,245,9,0
750,4616.929207060572,12.50774023983849,1512,8,1
751,7260.341612820569,5.197690412459735,407,14,0
752,2069.868779942285,10.791951344781882,2339,17,0
753,2870.3260767860706,19.43376960301366,2444,19,0
754,4648.858085404709,4.419922206575038,983,21,0
755,3190.209123354555,7.170009457623985,632,16,0
756,1022.1892370835124,18.8728659912043,450,11,0
757,1396.7147806476712,10.999653073416475,252,17,0
758,2608.329379275384,23.0,2458,12,0
759,987.2524638509219,8.204525786241296,25,22,0
760,3779.673212497828,0.0,1424,14,0
761,3803.6136571896604,11.871799759119389,2831,17,0
762,1575.2886606798816,9.949890335523037,605,10,0
763,5289.2911761281375,15.563630099844913,2723,20,0
764,1995.1442351726885,14.568100570452282,448,16,0
765,5436.268854240685,21.73885267341072,1474,5,0
766,732.3457872862105,11.9459401388051,367,12,0
767,3078.0989745306515,7.177069286526225,833,16,0
768,1523.8309176079833,4.680543661964736,2281,15,1
769,1388.6455166131016,11.021709910500942,2998,13,0
770,5658.971936588947,22.754234374930114,1339,15,0
771,2879.3287255270775,3.1408052752531344,68,14,0
772,2615.328430371613,11.473963556553754,2837,16,0
773,5343.614004707326,11.50474376121588,1862,14,0
774,3081.3076728700157,8.194065173932536,2633,11,0
775,4384.5739506083155,20.61914787384,1101,17,0
776,6877.8958286137895,23.0,1336,26,0
777,3315.4693684911745,9.908568801782355,828,8,1
778,3822.5797415099064,16.20563431259301,808,13,0
779,8158.107638342217,17.408988262495082,2614,20,0
780,4660.761549475005,7.422534678754844,1802,20,0
781,323.73244755391215,10.794240233239679,1826,15,0
782,5483.723999940617,13.563930562663328,2169,12,0
783,1721.482344466934,6.2870003789658515,41,17,0
784,3073.515984846173,10.023180741152755,2402,13,0
785,127.27732063891881,14.04435922081922,681,8,0
786,3752.2976383196115,21.676874927138844,771,13,0
787,756.2548091205458,19.669172777750763,2005,18,0
788,6930.380522710975,23.0,2810,10,0
789,3496.0655166460992,4.814094296239601,1916,15,0
790,6455.66469898264,13.84344640323244,200,15,0
791,2955.5017708957125,8.531783712708393,929,14,0
792,2190.5059621569226,23.0,1186,17,0
793,5627.655645634568,4.4002005820129115,1873,11,1
794,10.0,7.271270531279611,1312,9,0
795,10.0,21.18127006267089,2761,11,0
796,3899.5394595123626,8.770864085231022,2294,19,0
797,10.0,12.592134180809259,1636,13,0
798,5113.299555967056,14.930416775522707,1955,16,0
799,6106.691299052765,12.379486230330707,1581,15,0
800,10.0,14.029694520587876,1596,20,0
801,4635.02759548213,14.202293020656723,863,14,0
802,1245.5446996427895,18.28061504070535,2993,16,0
803,2172.585094420076,18.994850138168907,274,22,0
804,3214.7646729819508,8.09650459747638,791,20,0
805,5212.780815178581,2.2625220600022207,392,13,0
806,10.0,9.444013070692588,181,19,0
807,3303.2946435068366,21.672284935112987,2944,13,0
808,3765.84311142586,20.44366545236028,636,12,0
809,889.7732590861297,0.6749193949484997,1542,12,0
810,3751.569192240595,11.12639287528373,843,18,0
811,7956.559218411589,21.571364212320844,1134,14,0
812,10.0,5.553107019547552,185,13,0
813,4416.037895267123,13.835482972299667,198,20,0
814,5854.6738265761105,3.646550317422415,392,17,0
815,3946.0452767731704,12.376181905322156,725,18,0
816,7268.705242650863,7.62524938554434,2560,21,0
817,4068.369136731384,0.6114003636392411,2282,18,0
818,6071.003079862704,11.796405514807965,1203,18,0
819,3960.1226381137467,19.60240694130784,1531,21,0
820,4239.70148567872,5.833973441689897,1136,10,0
821,1521.0365611875059,3.76629311622467,1213,15,0
822,6099.4349535855035,15.015288767341039,727,13,1
823,3778.5699527859315,13.560551060758415,1164,19,0
824,2817.5717912738455,13.150751749266187,2848,6,1
825,4081.9407941379513,7.517490835230621,2973,14,0
826,3446.30931014596,8.572473166657307,2627,16,0
827,1239.130383826387,6.212999617265758,1705,12,1
828,3173.103079420733,5.104514374674212,2995,20,0
829,4117.158682281299,13.422193770455532,1224,17,0
830,2423.8252416496784,14.358776584216837,2117,21,0
831,4525.190225349774,11.820027510445563,2446,7,0
832,4269.2287266043295,7.273560465490526,1571,21,0
833,923.3990101426489,11.874919348392261,2177,14,0
834,4327.037271353793,0.0,1181,11,0
835,3543.872358764043,5.005071095240331,9,10,0
836,990.785582709158,10.533004013021024,1631,15,0
837,2922.384075626697,9.195989006047624,1116,15,0
838,3002.438820366864,13.359604546728301,935,14,0
839,3180.5154978583646,6.604239617735601,410,13,0
840,6022.581371216794,8.591849014225511,1888,17,0
841,1425.9185816974637,6.526928256829628,775,16,0
842,4596.957687151773,16.981206506069952,328,16,0
843,10.0,0.0,1006,18,0
844,555.6566908465902,16.49882833841196,2123,11,1
845,10.0,3.9067449597036426,2221,18,0
846,2609.468431478622,12.950385780789462,1118,15,0
847,2963.9117084400527,5.588600875142378,308,15,0
848,2008.4826765156538,9.415468559903799,1184,18,0
849,1543.358503027519,8.974912076354405,333,7,1
850,10.0,0.0,2089,16,0
851,3457.8052209323964,8.638148023730672,671,16,0
852,1210.794175996961,14.29615116543344,1802,17,0
853,2726.758347662779,9.611880701013424,2142,12,0
854,5244.924764770214,0.054842405314843745,1811,17,0
855,3252.6432039786196,15.236471885036815,582,11,0
856,1594.7945370255366,6.0039017232518175,909,16,0
857,1377.8731315926248,23.0,1541,9,0
858,4055.778051094907,14.098674304343799,1414,17,0
859,1913.757009407125,14.741295499228979,412,20,0
860,3303.408227722406,15.6913809403916,313,16,0
861,5019.920971854459,0.0,552,16,0
862,34.82658693930716,4.711892497336035,1343,11,1
863,5306.606256943611,9.937599717817461,2578,16,0
864,2903.863062442689,11.897218905486708,1458,12,0
865,6748.225317297778,9.16536859463991,2971,14,0
866,4350.720483135954,9.611551981495838,399,15,0
867,1979.0156170858468,9.057492659784291,1984,15,0
868,2991.5909857248926,10.4689358128172,2712,16,0
869,10.0,14.811585635493238,1552,10,0
870,3127.0376694111624,10.44026329648921,423,10,0
871,10.0,2.2837000266842917,895,16,0
872,2454.088918348061,5.192981621098804,1446,18,0
873,1377.515271203169,15.287512953754092,2504,20,0
874,937.5419376820932,0.6558427309103614,2434,12,0
875,1744.7851166776868,10.441784958876866,547,18,0
876,3576.2083760915843,9.027160978404414,840,9,0
877,4187.202801479904,23.0,76,27,0
878,1732.003115816849,11.595074996424382,2937,9,0
879,3134.8567261932035,23.0,2849,17,0
880,2937.662962605945,12.715646506550584,224,11,0
881,3874.343449355386,11.89466889941868,1361,8,0
882,4347.9933576771555,10.193340136152777,1068,19,0
883,4534.913321947555,18.410644275804625,2629,23,0
884,4473.175460720246,15.280393930566142,2905,24,0
885,10.0,17.067009482003453,595,9,0
886,1186.742963694341,22.189030743527095,511,15,0
887,4549.319177488527,21.885017998637643,385,14,0
888,5020.0945593698425,13.757465992028541,162,13,0
889,1534.7713057368173,9.563445701660703,783,12,0
890,1702.312593439127,12.722081958190872,1808,14,0
891,3349.540064171282,22.357621864661603,530,11,0
892,3520.7997935665676,7.465051768510628,292,12,1
893,4058.966570181196,17.916834393418096,1387,14,0
894,4154.53720311052,12.436310027640921,1739,23,0
895,2447.79559661731,7.415190094883007,773,21,0
896,2611.361243351601,6.308053959541605,354,14,0
897,2632.844717814887,2.120308039754743,803,18,0
898,7974.441987815915,8.968269172687709,2848,16,0
899,3723.425159827161,8.56865847247958,790,12,0
900,367.14135168061284,17.038843078662723,1102,31,0
901,3709.8596950682845,10.953444462939812,2591,9,0
902,706.0422996219963,4.782162620352529,2014,10,0
903,578.0871459869759,11.470627067249838,2058,12,0
904,1604.0982407432148,7.814370655305041,2910,15,0
905,2481.214040575287,9.443775902389905,678,20,0
906,4083.8096707532277,9.782953829481166,2812,20,0
907,10.0,15.243065269950915,940,7,0
908,7217.950532742532,11.071596624167066,1992,12,0
909,3027.2174933236074,8.446129858658512,2679,13,0
910,3394.3597109578145,10.745668898376822,2561,11,0
911,1677.6838209262921,10.75576388446814,790,12,0
912,3482.475696303041,12.543599182541241,153,23,0
913,6343.849131758288,7.048892728864878,2978,17,0
914,2074.8313972103274,16.15380035038794,2406,16,0
915,4886.640860557006,4.562597842522758,34,11,0
916,2716.447130609366,13.744391451037218,916,9,0
917,4188.633712953696,9.302270280481252,2417,12,0
918,2209.713402286194,11.719692579296746,1686,19,0
919,1395.5418591569705,18.784466216757124,1614,15,0
920,2363.0030476495626,16.131613496758632,1417,11,0
921,1794.8859929061662,7.914183229272943,2073,13,0
922,4746.692012742821,6.289319891720217,2803,12,0
923,3742.4691949742482,17.921502291745497,1898,17,0
924,10.0,17.23681394400334,597,22,0
925,3961.6321453563105,2.5588284437820086,1217,19,0
926,3043.745751501965,9.386685619881295,1000,16,0
927,2607.742198982076,3.755195255308543,2138,11,0
928,5053.130983937099,10.61516121122518,2396,12,0
929,4455.855747667817,3.7915346024730034,1739,11,0
930,260.1828193745282,8.466650775126583,2113,12,0
931,6309.558475176409,18.458866110507955,1396,14,0
932,3635.65788686241,14.191500928083904,726,17,0
933,8357.707648521806,15.005447093016848,2421,23,0
934,2585.193897100179,14.21170868244316,2092,14,0
935,1455.7854747555525,13.145392830467078,2633,16,0
936,2827.107719019314,14.795577679173102,2740,15,0
937,1128.7859525560839,10.560612652141497,1593,17,0
938,3912.9508122204275,15.925786777928938,2299,15,0
939,2564.6892128379873,9.493939625694273,2599,10,1
940,4826.342864333643,19.217536155919905,1239,16,0
941,3955.170378191342,17.73765132865111,2759,17,0
942,7125.115213346815,8.873335152803396,2390,15,0
943,3846.733588029463,11.844569830081875,2954,19,0
944,1646.5048262260918,14.281638507012143,2499,19,0
945,6755.995243429537,6.906720924231333,583,5,1
946,3151.0150175093454,11.647172578695406,617,12,0
947,4467.294658502963,9.42807162536835,1238,9,1
948,4692.566564973649,11.026289266119669,1851,14,0
949,7975.133471297414,23.0,2438,14,0
950,10.0,13.97093757605046,151,12,0
951,3809.4967996105565,15.119581560133447,2795,25,0
952,4814.494727104709,15.422282018374691,543,15,0
953,1620.4812336597101,7.56969784161665,939,12,0
954,10.0,11.252730360637301,2748,18,0
955,5380.1351812980665,14.290125743617882,2341,18,0
956,10.0,23.0,1720,13,0
957,1311.7794914063525,23.0,2954,15,0
958,4751.821125868569,16.76843032710072,402,18,0
959,3367.717173382404,10.425572965730314,1223,24,0
960,10.0,10.556624532644419,1267,16,0
961,3577.977342254792,18.959660409259993,2818,7,0
962,7012.703623265572,9.52609085240614,746,13,1
963,7467.761749956991,8.992082538407422,382,18,0
964,4308.932517212948,18.55917491659945,1380,19,0
965,5878.036053967315,13.73365572189119,277,19,0
966,6859.9304977833945,14.864441042908345,503,17,0
967,3652.700878965087,14.411906278391331,2466,17,0
968,4655.853714809775,5.219902701593259,2436,12,0
969,5799.182171176883,13.59982002611406,2435,17,0
970,5806.041660092737,10.589246853825143,1255,14,0
971,1884.0975344649892,20.785637355954215,1002,22,0
972,585.7079673796293,3.4277336255870257,1317,18,0
973,3533.4508479434444,11.247228375715203,30,9,1
974,6615.45656173191,12.629781595695581,1040,6,1
975,931.711618775767,13.812533639646464,663,16,0
976,4540.714938675561,19.938302998043408,2151,10,0
977,1828.2556835731282,7.315669408855534,2727,21,0
978,1612.3184614624975,10.208811894394074,504,11,1
979,5190.184443616668,12.756621245440979,2823,15,0
980,1756.4523058773336,11.998688086469663,1780,11,0
981,64.16187265423832,16.627089552368595,1138,13,0
982,5050.028137688647,12.808318697599583,1591,12,0
983,2772.629578457249,9.502420128328588,1443,17,0
984,985.0340371250506,14.866431601532806,371,17,0
985,2918.582189272376,14.329032751211155,2233,19,0
986,3068.094061100798,11.988832310949117,1117,12,0
987,1485.89848024036,11.301970559136258,1325,20,0
988,6925.512765978032,10.096894744532175,1258,27,0
989,10.0,14.66914667824218,2543,16,0
990,2065.904819227541,12.150423325260668,1521,11,0
991,2490.71458934052,23.0,410,21,0
992,3595.7759399301576,9.759014794466108,2494,16,0
993,2568.228349470595,7.298648189671448,1662,16,0
994,4197.4705813767105,6.633398326467064,1115,16,0
995,1556.3895105538575,0.0,2418,20,0
996,11851.436693710031,5.612288604745015,394,9,1
997,1326.0612731820545,6.951236459072314,2022,14,0
998,759.4035325244708,13.962632023581778,1246,14,0
999,6955.702316173303,23.0,2865,15,0
1000,3912.757998363727,11.491989890599122,1097,13,0
