customer_id,name,city,age,monthly_income,signup_date
2,Customer_2,Delhi,43.0,140803.47,2025-01-04
4,Customer_4,Hyderabad,53.0,83833.45999999999,2025-01-10
5,Customer_5,Bangalore,43.0,125164.1,2025-01-13
6,Customer_6,Bangalore,28.0,56022.04,2025-01-16
8,Customer_8,Hyderabad,64.0,139693.84,2025-01-22
9,Customer_9,Hyderabad,62.0,24445.87,2025-01-25
10,Customer_10,Pune,59.0,120538.87,2025-01-28
11,Customer_11,Hyderabad,64.0,19738.9,2025-01-31
12,Customer_12,Mumbai,54.0,83725.75,2025-02-03
13,Customer_13,Delhi,56.0,74236.88,2025-02-06
14,Customer_14,Chennai,38.0,108220.44,2025-02-09
15,Customer_15,Mumbai,38.0,120198.29,2025-02-12
16,Customer_16,Delhi,30.0,21375.93,2025-02-15
17,Customer_17,Mumbai,59.0,25065.76,2025-02-18
19,Customer_19,Hyderabad,56.0,111167.25,2025-02-24
20,Customer_20,Hyderabad,43.0,35354.56,2025-02-27
21,Customer_21,Bangalore,36.0,97993.08,2025-03-02
22,Customer_22,Mumbai,43.0,35364.88,2025-03-05
23,Customer_23,Mumbai,62.0,77333.85,2025-03-08
24,Customer_24,Hyderabad,52.0,147335.54,2025-03-11
25,Customer_25,Delhi,23.0,128875.09,2025-03-14
26,Customer_26,Delhi,34.0,108408.5,2025-03-17
27,Customer_27,Mumbai,53.0,77477.86,2025-03-20
28,Customer_28,Chennai,45.0,138764.44,2025-03-23
29,Customer_29,Pune,51.0,113896.61,2025-03-26
32,Customer_32,Delhi,33.0,93130.72,2025-04-04
34,Customer_34,Pune,38.0,73876.08,2025-04-10
35,Customer_35,Chennai,44.0,64046.78,2025-04-13
36,Customer_36,Delhi,46.0,53359.34,2025-04-16
37,Customer_37,Mumbai,27.0,119223.44,2025-04-19
39,Customer_39,Pune,63.0,36982.17,2025-04-25
40,Customer_40,Pune,18.0,117695.55,2025-04-28
41,Customer_41,Pune,23.0,121086.8,2025-05-01
42,Customer_42,Pune,23.0,114711.89,2025-05-04
44,Customer_44,Pune,53.0,59578.55,2025-05-10
47,Customer_47,Hyderabad,48.0,139891.55,2025-05-19
48,Customer_48,Pune,48.0,98507.7,2025-05-22
49,Customer_49,Hyderabad,30.0,33805.98,2025-05-25
50,Customer_50,Pune,56.0,33566.43,2025-05-28
51,Customer_51,Hyderabad,43.0,64392.18,2025-05-31
52,Customer_52,Pune,50.0,30588.39,2025-06-03
54,Customer_54,Chennai,50.0,50013.08,2025-06-09
55,Customer_55,Pune,43.0,29914.52,2025-06-12
56,Customer_56,Pune,33.0,40395.4,2025-06-15
57,Customer_57,Bangalore,20.0,58734.49,2025-06-18
58,Customer_58,Delhi,25.0,104847.78,2025-06-21
59,Customer_59,Chennai,51.0,57114.49,2025-06-24
60,Customer_60,Mumbai,26.0,85733.08,2025-06-27
61,Customer_61,Delhi,57.0,60058.74,2025-06-30
62,Customer_62,Hyderabad,48.0,26925.21,2025-07-03
64,Customer_64,Chennai,43.0,49059.54,2025-07-09
65,Customer_65,Pune,61.0,44464.96,2025-07-12
67,Customer_67,Delhi,43.0,119999.9,2025-07-18
69,Customer_69,Mumbai,32.0,52023.83,2025-07-24
70,Customer_70,Delhi,57.0,124327.5,2025-07-27
71,Customer_71,Chennai,23.0,60586.28,2025-07-30
72,Customer_72,Mumbai,61.0,41407.4,2025-08-02
73,Customer_73,Chennai,36.0,61165.94,2025-08-05
74,Customer_74,Pune,57.0,83833.45999999999,2025-08-08
75,Customer_75,Hyderabad,50.0,53220.45,2025-08-11
76,Customer_76,Chennai,43.0,50863.51,2025-08-14
77,Customer_77,Hyderabad,52.0,133954.06,2025-08-17
78,Customer_78,Mumbai,50.0,87782.54,2025-08-20
79,Customer_79,Chennai,34.0,115408.29,2025-08-23
80,Customer_80,Hyderabad,53.0,136204.15,2025-08-26
83,Customer_83,Mumbai,45.0,32981.11,2025-09-04
84,Customer_84,Hyderabad,43.0,144850.45,2025-09-07
85,Customer_85,Delhi,50.0,124681.55,2025-09-10
86,Customer_86,Pune,49.0,102940.21,2025-09-13
87,Customer_87,Mumbai,20.0,83833.45999999999,2025-09-16
88,Customer_88,Mumbai,40.0,146061.08,2025-09-19
89,Customer_89,Pune,28.0,19797.37,2025-09-22
90,Customer_90,Delhi,47.0,72136.62,2025-09-25
91,Customer_91,Delhi,43.0,142495.92,2025-09-28
92,Customer_92,Hyderabad,35.0,58093.32,2025-10-01
93,Customer_93,Mumbai,21.0,119883.43,2025-10-04
94,Customer_94,Bangalore,19.0,146637.37,2025-10-07
95,Customer_95,Chennai,19.0,109761.17,2025-10-10
96,Customer_96,Mumbai,33.0,83833.45999999999,2025-10-13
97,Customer_97,Delhi,51.0,145769.63,2025-10-16
98,Customer_98,Mumbai,51.0,68421.28,2025-10-19
99,Customer_99,Chennai,29.0,143426.72,2025-10-22
100,Customer_100,Delhi,29.0,32469.82,2025-10-25
101,Customer_101,Hyderabad,31.0,141503.66,2025-10-28
102,Customer_102,Delhi,55.0,117209.58,2025-10-31
103,Customer_103,Mumbai,43.0,83833.45999999999,2025-11-03
104,Customer_104,Delhi,43.0,104487.74,2025-11-06
105,Customer_105,Hyderabad,35.0,83833.45999999999,2025-11-09
106,Customer_106,Pune,27.0,85125.84,2025-11-12
107,Customer_107,Mumbai,47.0,83941.17,2025-11-15
109,Customer_109,Delhi,21.0,125033.56,2025-11-21
110,Customer_110,Hyderabad,48.0,144931.16,2025-11-24
111,Customer_111,Chennai,56.0,94499.12,2025-11-27
112,Customer_112,Hyderabad,64.0,69574.03,2025-11-30
113,Customer_113,Delhi,46.0,103543.39,2025-12-03
114,Customer_114,Mumbai,42.0,68425.1,2025-12-06
115,Customer_115,Chennai,19.0,95354.57,2025-12-09
116,Customer_116,Hyderabad,59.0,73410.88,2025-12-12
117,Customer_117,Chennai,19.0,35637.41,2025-12-15
119,Customer_119,Mumbai,34.0,63510.1,2025-12-21
120,Customer_120,Delhi,61.0,28811.92,2025-12-24
